{
  "baseline": {
    "dm_type": 0.8,
    "dm_f1_entity": 0.886,
    "dm_f1_composite": 0.9133333333333333,
    "dm_strict": 0.8,
    "kg": 0.9333333333333333,
    "risk": 1.0,
    "csco": 0.9533333333333334,
    "e2e": 0.6933333333333334,
    "lat_mean": 102.54042745113374,
    "lat_std": 37.50389132234221,
    "n": 30,
    "dm_strict_pass_count": 24,
    "kg_strict_pass_count": 28,
    "risk_strict_pass_count": 30,
    "csco_strict_pass_count": 30,
    "constrained_pass_count": 22
  },
  "ws1": {
    "n": 30,
    "stability": {
      "dm": 1.0,
      "kg": 1.0,
      "risk": 1.0,
      "csco": 0.8,
      "full": 0.8
    },
    "counts": {
      "dm": 30,
      "kg": 30,
      "risk": 30,
      "csco": 24,
      "full": 24
    }
  },
  "ws2": {
    "n": 30,
    "type_rate": 0.9666666666666667,
    "entity_rate": 0.5,
    "type_count": 29,
    "entity_count": 15
  },
  "ws3": {
    "mild": {
      "n": 30,
      "type_acc": 0.8,
      "f1_mean": 0.8273015873015872,
      "f1_std": 0.12807746339788909
    },
    "moderate": {
      "n": 30,
      "type_acc": 0.8,
      "f1_mean": 0.8615079365079364,
      "f1_std": 0.16958745338284822
    },
    "high": {
      "n": 30,
      "type_acc": 0.8,
      "f1_mean": 0.7214285714285714,
      "f1_std": 0.1910039896025745
    },
    "clean": {
      "n": 30,
      "type_acc": 0.7,
      "f1_mean": 0.8857142857142857,
      "f1_std": 0.15192872138877822
    }
  },
  "ws5": {
    "gpt-4.1": {
      "n": 30,
      "n_runs": 150,
      "dm_f1_composite": 0.9127777777777778,
      "dm_strict": 0.7866666666666667,
      "kg": 0.9266666666666666,
      "risk": 1.0,
      "csco": 0.9,
      "csco_f1": 0.8628635949056496,
      "e2e": 0.6533333333333332,
      "lat_mean": 137.2359535566966,
      "lat_std": 80.3839651490873,
      "dm_strict_pass_count": 24,
      "kg_strict_pass_count": 28,
      "risk_strict_pass_count": 30,
      "csco_strict_pass_count": 29,
      "constrained_pass_count": 21
    },
    "gpt-5-mini": {
      "n": 28,
      "n_runs": 116,
      "dm_f1_composite": 0.9257886904761905,
      "dm_strict": 0.8142857142857143,
      "kg": 0.8345238095238096,
      "risk": 1.0,
      "csco": 0.661904761904762,
      "csco_f1": 0.8780754264001907,
      "e2e": 0.4535714285714286,
      "lat_mean": 1091.330917760162,
      "lat_std": 467.47712056186907,
      "dm_strict_pass_count": 23,
      "kg_strict_pass_count": 26,
      "risk_strict_pass_count": 28,
      "csco_strict_pass_count": 21,
      "constrained_pass_count": 14
    }
  },
  "ws7": {
    "Disruption Monitor": {
      "mean": 196.1,
      "median": 196.0,
      "std": 37.00824698398434,
      "min": 103,
      "max": 260
    },
    "KG Query": {
      "mean": 178679.93333333332,
      "median": 61095.0,
      "std": 335273.261973278,
      "min": 62,
      "max": 1744527
    },
    "Risk Manager": {
      "mean": 1764.2,
      "median": 1472.5,
      "std": 943.0152812598824,
      "min": 118,
      "max": 4457
    },
    "CSCO": {
      "mean": 1048.3,
      "median": 1046.5,
      "std": 431.65712366853523,
      "min": 338,
      "max": 1907
    }
  }
}