{
  "baseline": {
    "n_scenarios": 30,
    "total_runs": 150,
    "dm_strict": 0.8,
    "dm_strict_std": 0.4068381021724862,
    "kg": 1.0,
    "kg_std": 0.0,
    "risk": 0.21333333333333335,
    "risk_std": 0.2968028874909887,
    "csco": 0.23333333333333334,
    "csco_std": 0.29749915483314704,
    "e2e": 0.2,
    "e2e_std": 0.3017192117824463,
    "lat_mean": 229.9,
    "lat_std": 120.0
  },
  "models": {
    "gpt-4_1": {
      "n_scenarios": 30,
      "total_runs": 150,
      "dm_strict": 0.8,
      "dm_strict_std": 0.4068381021724862,
      "kg": 0.9933333333333333,
      "kg_std": 0.036514837167011066,
      "risk": 0.6133333333333333,
      "risk_std": 0.24597915994335126,
      "csco": 0.6333333333333333,
      "csco_std": 0.25775333481682716,
      "e2e": 0.46,
      "e2e_std": 0.336923198042685,
      "lat_mean": 85.31242595513662,
      "lat_std": 79.58240995405316
    },
    "gpt-5-mini": {
      "n_scenarios": 30,
      "total_runs": 82,
      "dm_strict": 0.7183333333333334,
      "dm_strict_std": 0.4153277337679024,
      "kg": 0.9933333333333333,
      "kg_std": 0.036514837167011066,
      "risk": 0.6083333333333333,
      "risk_std": 0.40001795936694134,
      "csco": 0.6216666666666667,
      "csco_std": 0.39253449954536906,
      "e2e": 0.4816666666666667,
      "e2e_std": 0.4243622666229095,
      "lat_mean": 389.58156039947414,
      "lat_std": 511.05042976094495
    }
  }
}