{
  "gpt-4o": {
    "n_scenarios": 30,
    "n_runs_total": 150,
    "n_runs_per_scenario_mean": 5.0,
    "dm_f1_mean": 0.9133333333333333,
    "dm_f1_std": 0.1513287254349367,
    "dm_f1_within_std": 0.0295914562891325,
    "dm_strict_mean": 0.8,
    "dm_strict_std": 0.4068381021724863,
    "dm_strict_within_std": 0.0,
    "kg_strict_mean": 0.9333333333333333,
    "kg_strict_std": 0.2537081317024625,
    "kg_strict_within_std": 0.0,
    "risk_f1_mean": 0.9927234192864712,
    "risk_f1_std": 0.030507643710666183,
    "risk_f1_within_std": 4.1375569220787885e-18,
    "risk_strict_mean": 1.0,
    "risk_strict_std": 0.0,
    "risk_strict_within_std": 0.0,
    "csco_f1_mean": 0.9184886941168718,
    "csco_f1_std": 0.06753924192189018,
    "csco_f1_within_std": 0.06643687698905437,
    "csco_strict_mean": 0.9533333333333334,
    "csco_strict_std": 0.10080138659874617,
    "csco_strict_within_std": 0.09279301783349854,
    "constrained_mean": 0.6933333333333334,
    "constrained_std": 0.43544137998391796,
    "constrained_within_std": 0.07788589798349994,
    "runtime_mean": 102.54042745113374,
    "runtime_std": 37.50389132234221,
    "runtime_within_std": 10.63177103384932,
    "dm_strict_pass_count": 24,
    "kg_strict_pass_count": 28,
    "risk_strict_pass_count": 30,
    "csco_strict_pass_count": 30,
    "constrained_pass_count": 22
  },
  "gpt-4.1": {
    "n_scenarios": 30,
    "n_runs_total": 150,
    "n_runs_per_scenario_mean": 5.0,
    "dm_f1_mean": 0.9127777777777778,
    "dm_f1_std": 0.11494487545497135,
    "dm_f1_within_std": 0.01506081766812661,
    "dm_strict_mean": 0.7866666666666667,
    "dm_strict_std": 0.4066120181860508,
    "dm_strict_within_std": 0.01825741858350554,
    "kg_strict_mean": 0.9266666666666666,
    "kg_strict_std": 0.25452231571200645,
    "kg_strict_within_std": 0.014907119849998597,
    "risk_f1_mean": 0.9927234192864712,
    "risk_f1_std": 0.030507643710666183,
    "risk_f1_within_std": 4.1375569220787885e-18,
    "risk_strict_mean": 1.0,
    "risk_strict_std": 0.0,
    "risk_strict_within_std": 0.0,
    "csco_f1_mean": 0.8628635949056496,
    "csco_f1_std": 0.1854410205147713,
    "csco_f1_within_std": 0.11480529447262364,
    "csco_strict_mean": 0.9,
    "csco_strict_std": 0.19475891374404056,
    "csco_strict_within_std": 0.149071198499986,
    "constrained_mean": 0.6533333333333332,
    "constrained_std": 0.44235524289821665,
    "constrained_within_std": 0.10434983894999018,
    "runtime_mean": 137.2359535566966,
    "runtime_std": 80.3839651490873,
    "runtime_within_std": 54.28414382377071,
    "dm_strict_pass_count": 24,
    "kg_strict_pass_count": 28,
    "risk_strict_pass_count": 30,
    "csco_strict_pass_count": 29,
    "constrained_pass_count": 21
  },
  "gpt-5-mini": {
    "n_scenarios": 28,
    "n_runs_total": 116,
    "n_runs_per_scenario_mean": 4.142857142857143,
    "dm_f1_mean": 0.9257886904761905,
    "dm_f1_std": 0.11263340572104402,
    "dm_f1_within_std": 0.0224965515340392,
    "dm_strict_mean": 0.8142857142857143,
    "dm_strict_std": 0.3884578109646798,
    "dm_strict_within_std": 0.0159719141249985,
    "kg_strict_mean": 0.8345238095238096,
    "kg_strict_std": 0.28508639118856083,
    "kg_strict_within_std": 0.147839607049808,
    "risk_f1_mean": 0.9922036635212191,
    "risk_f1_std": 0.03155084789329417,
    "risk_f1_within_std": 4.4330967022272734e-18,
    "risk_strict_mean": 1.0,
    "risk_strict_std": 0.0,
    "risk_strict_within_std": 0.0,
    "csco_f1_mean": 0.8780754264001907,
    "csco_f1_std": 0.08544391035984637,
    "csco_f1_within_std": 0.058828194387475934,
    "csco_strict_mean": 0.661904761904762,
    "csco_strict_std": 0.33246359195629893,
    "csco_strict_within_std": 0.28600923066464723,
    "constrained_mean": 0.4535714285714286,
    "constrained_std": 0.4013956398985555,
    "constrained_within_std": 0.22732467093195094,
    "runtime_mean": 1091.330917760162,
    "runtime_std": 467.47712056186907,
    "runtime_within_std": 420.9568907756565,
    "dm_strict_pass_count": 23,
    "kg_strict_pass_count": 26,
    "risk_strict_pass_count": 28,
    "csco_strict_pass_count": 21,
    "constrained_pass_count": 14
  }
}